,distance_km,city_share_pct,avg_speed_city,avg_speed_hwy,ac_on,persons_in_car,tire_pressure_bar,outside_temp_c,Real,Prezis,Eroare_Absoluta
354,673.0,89.2,46.5,128.7,1,4,2.25,-1.6,78.73,75.38183708544916,3.3481629145508407
1853,658.0,91.7,45.1,126.1,1,4,2.25,35.9,75.2,71.913157982616,3.2868420173840036
1750,602.9,96.4,31.3,113.0,1,5,1.8,29.1,73.54,70.37214469602323,3.167855303976779
117,603.9,75.7,36.5,127.7,1,5,1.8,3.8,71.36,68.56806668153142,2.7919333184685797
1365,598.8,88.7,37.5,127.4,1,5,1.8,23.5,71.13,68.3938272044913,2.7361727955086934
